song_id,youtube_link,orig_id,labeler,verifier
1,https://www.youtube.com/watch?v=a5AmyrpHb6E,488,9,5
2,https://www.youtube.com/watch?v=4z7EfDXWVPg,87,6,1
3,https://www.youtube.com/watch?v=CyaI6EsWwt8,149,2,2
4,https://www.youtube.com/watch?v=e2pqt6OoRK8,38,6,1
5,https://www.youtube.com/watch?v=MfeiwExNQPI,140,6,2
6,https://www.youtube.com/watch?v=8PN6EirwiQI,383,4,4
7,https://www.youtube.com/watch?v=utCfqksg0FA,501,14,6
8,https://www.youtube.com/watch?v=LS3UPgg5Do8,114,6,2
9,https://www.youtube.com/watch?v=MEE9H32rCXM,285,12,3
10,https://www.youtube.com/watch?v=3b26e1ehJM0,79,5,1
11,https://www.youtube.com/watch?v=s-CcFyyPJiY,314,6,4
12,https://www.youtube.com/watch?v=ZWF7-ZrVUS4,352,6,4
13,https://www.youtube.com/watch?v=WOxXeRwW3Z4,482,9,5
14,https://www.youtube.com/watch?v=XPD-0b66Wv4,433,5,5
15,https://www.youtube.com/watch?v=EbS5-fi89WA,267,6,3
16,https://www.youtube.com/watch?v=ZUm48lPJPLc,19,4,1
17,https://www.youtube.com/watch?v=9Gw7pPZ-9bU,68,5,1
18,https://www.youtube.com/watch?v=QEMk5T57zoo,462,6,5
19,https://www.youtube.com/watch?v=7K87psEkKX8,485,9,5
20,https://www.youtube.com/watch?v=nK_8qt5U7a0,174,5,2
21,https://www.youtube.com/watch?v=SlPhMPnQ58k,20,4,1
22,https://www.youtube.com/watch?v=c3bDrppty1w,502,14,6
23,https://www.youtube.com/watch?v=vUXd_cPRxgY,457,6,5
24,https://www.youtube.com/watch?v=n_XvMe0Cx0s,253,6,3
25,https://www.youtube.com/watch?v=7ivuzPd3lfs,376,5,4
26,https://www.youtube.com/watch?v=n5w55nzOCnw,325,2,4
27,https://www.youtube.com/watch?v=5fTrPL5b4Lg,103,2,2
28,https://www.youtube.com/watch?v=7ORo7ZUJZaE,477,6,5
29,https://www.youtube.com/watch?v=4GLMZtAEaVs,255,6,3
30,https://www.youtube.com/watch?v=uIXyX2yPajc,274,2,3
31,https://www.youtube.com/watch?v=bR7Ad6AZtbE,14,2,1
32,https://www.youtube.com/watch?v=FkxyKsKfOBc,260,12,3
33,https://www.youtube.com/watch?v=U_7Gg1SVp9U,182,6,2
34,https://www.youtube.com/watch?v=oyl3-lnFi64,173,5,2
35,https://www.youtube.com/watch?v=1CjEOXDakfc,479,6,5
36,https://www.youtube.com/watch?v=nDbNRb9gOr4,503,14,6
37,https://www.youtube.com/watch?v=UtnntcDrR6E,25,2,1
38,https://www.youtube.com/watch?v=ZyWJGW_tqmg,223,5,3
39,https://www.youtube.com/watch?v=fHjmQn6C-3s,125,6,2
40,https://www.youtube.com/watch?v=RW5rogfevxI,77,5,1
41,https://www.youtube.com/watch?v=F5RE_S8aIF8,67,5,1
42,https://www.youtube.com/watch?v=pl5WwWBTBxU,172,5,2
43,https://www.youtube.com/watch?v=jIYO4k7ygCI,254,6,3
44,https://www.youtube.com/watch?v=MmokuFu_kOw,354,6,4
45,https://www.youtube.com/watch?v=kqJ9a_EoBx8,180,6,2
46,https://www.youtube.com/watch?v=z2uA2ih4zSY,379,5,4
47,https://www.youtube.com/watch?v=sP36JHyF0sI,212,6,3
48,https://www.youtube.com/watch?v=dEtfwmZOD2A,315,6,4
49,https://www.youtube.com/watch?v=jTFhkMrCx3Q,481,9,5
50,https://www.youtube.com/watch?v=L1j8jsHn0UE,111,6,2
51,https://www.youtube.com/watch?v=bWdawOZ0mDI,217,5,3
52,https://www.youtube.com/watch?v=_Lq06i5MTq0,39,6,1
53,https://www.youtube.com/watch?v=0_lUNyu-Nxc,258,12,3
54,https://www.youtube.com/watch?v=ZOHsd6Zk7DM,324,2,4
55,https://www.youtube.com/watch?v=ssqZsiMDq9o,414,6,5
56,https://www.youtube.com/watch?v=5eXkJ00uBi0,265,6,3
57,https://www.youtube.com/watch?v=nlg1y6hLsRs,99,2,1
58,https://www.youtube.com/watch?v=RRV9jPGc2gc,465,6,5
59,https://www.youtube.com/watch?v=U4PWWK6ySeQ,83,5,1
60,https://www.youtube.com/watch?v=Tas1h6rqHDE,52,2,1
61,https://www.youtube.com/watch?v=AkkSyxC3tMI,467,6,5
62,https://www.youtube.com/watch?v=sAAkkvPfJ4I,301,6,4
63,https://www.youtube.com/watch?v=DsUmmudjkfQ,184,6,2
64,https://www.youtube.com/watch?v=ABvAbpusRbc,290,2,3
65,https://www.youtube.com/watch?v=F3Drw9wiJ9M,346,6,4
66,https://www.youtube.com/watch?v=t_QQfaeEBbo,220,5,3
67,https://www.youtube.com/watch?v=y5bUCGzw6tY,44,3,1
68,https://www.youtube.com/watch?v=sk9fkcxhYRw,435,5,5
69,https://www.youtube.com/watch?v=aVmZpcrQBU4,45,7,1
70,https://www.youtube.com/watch?v=z95nTGbkhOk,455,6,5
71,https://www.youtube.com/watch?v=uJ69R0FXqsI,434,5,5
72,https://www.youtube.com/watch?v=sg_WE0ToJjM,33,6,1
73,https://www.youtube.com/watch?v=Strd1sCe_rQ,333,2,4
74,https://www.youtube.com/watch?v=62Ik2ZYEYW0,101,2,2
75,https://www.youtube.com/watch?v=lg5dth1OE4s,81,7,1
76,https://www.youtube.com/watch?v=4elMwTcwd6w,272,6,3
77,https://www.youtube.com/watch?v=C3e_NZIFfrk,342,5,4
78,https://www.youtube.com/watch?v=NYkbHjMeUeY,402,2,5
79,https://www.youtube.com/watch?v=qC1fzdomxKg,262,2,3
80,https://www.youtube.com/watch?v=moyV8-g-SwM,117,6,2
81,https://www.youtube.com/watch?v=zeniKeWWh4o,336,12,4
82,https://www.youtube.com/watch?v=qK5lz3BlNI0,461,6,5
83,https://www.youtube.com/watch?v=H0X3Nn0oAD4,222,5,3
84,https://www.youtube.com/watch?v=SV2yrwOkeeA,90,6,1
85,https://www.youtube.com/watch?v=AZsYcG7sFAU,291,2,3
86,https://www.youtube.com/watch?v=7xgucJEqNDo,29,4,1
87,https://www.youtube.com/watch?v=FXBDEOGgy1Q,287,2,3
88,https://www.youtube.com/watch?v=B3d38J4Iblk,238,12,3
89,https://www.youtube.com/watch?v=oxKeSS5sKmw,436,5,5
90,https://www.youtube.com/watch?v=WqiE159jiFE,475,6,5
91,https://www.youtube.com/watch?v=FSyNwaH6E_U,176,6,2
92,https://www.youtube.com/watch?v=1CcQDuuhdXA,218,5,3
93,https://www.youtube.com/watch?v=q3FGOn2_5_U,160,12,2
94,https://www.youtube.com/watch?v=Fnah805uAYQ,215,6,3
95,https://www.youtube.com/watch?v=KKH6R_jxuMo,427,6,5
96,https://www.youtube.com/watch?v=uInfXrA3aEM,261,6,3
97,https://www.youtube.com/watch?v=VhHQyb4r9Xg,128,6,2
98,https://www.youtube.com/watch?v=QNTQIbR1UrE,486,9,5
99,https://www.youtube.com/watch?v=nWmwASpn1XQ,322,2,4
100,https://www.youtube.com/watch?v=dfP4hmU2Wco,158,12,2
101,https://www.youtube.com/watch?v=ola_5RrN76o,416,6,5
102,https://www.youtube.com/watch?v=8699QDZKh6s,115,5,2
103,https://www.youtube.com/watch?v=HqmpIQ9l-uA,97,2,1
104,https://www.youtube.com/watch?v=VaAacrLk4gE,89,6,1
105,https://www.youtube.com/watch?v=ocg8sT7AcdY,281,6,3
106,https://www.youtube.com/watch?v=JHzRTcO2rFw,445,2,5
107,https://www.youtube.com/watch?v=9fJVjMsaRPE,334,12,4
108,https://www.youtube.com/watch?v=-age6s-1ysY,131,2,2
109,https://www.youtube.com/watch?v=qXv7POo5MNI,328,2,4
110,https://www.youtube.com/watch?v=ENKFTmJxBaY,32,6,1
111,https://www.youtube.com/watch?v=BxluJW7nOnI,119,6,2
112,https://www.youtube.com/watch?v=DP8nBUDIgn8,478,6,5
113,https://www.youtube.com/watch?v=PMsV6D5HJWs,165,6,2
114,https://www.youtube.com/watch?v=IlsVP47f32k,345,4,4
115,https://www.youtube.com/watch?v=834tZsVjrCo,316,6,4
116,https://www.youtube.com/watch?v=5wmfXve11rM,443,2,5
117,https://www.youtube.com/watch?v=Y2ge3KrdeWs,49,11,1
118,https://www.youtube.com/watch?v=bP0tjQYoX6w,377,5,4
119,https://www.youtube.com/watch?v=hzypdAfwN24,80,5,1
120,https://www.youtube.com/watch?v=2AGem2tw9GU,304,6,4
121,https://www.youtube.com/watch?v=xi6wOaZ61-U,5,4,1
122,https://www.youtube.com/watch?v=8MOJ-MKzwpU,185,6,2
123,https://www.youtube.com/watch?v=x-t_ChHrKoo,196,2,2
124,https://www.youtube.com/watch?v=Dtk99vJXuAE,162,6,2
125,https://www.youtube.com/watch?v=J6QliYbVq2E,155,12,2
126,https://www.youtube.com/watch?v=oY_rjWZoRDA,339,12,4
127,https://www.youtube.com/watch?v=UF8JU0H0rpQ,179,6,2
128,https://www.youtube.com/watch?v=sSidvDS5Naw,364,6,4
129,https://www.youtube.com/watch?v=NrHRTNeni-U,362,2,4
130,https://www.youtube.com/watch?v=mw5VIEIvuMI,57,11,1
131,https://www.youtube.com/watch?v=AssQsdnuaxA,42,7,1
132,https://www.youtube.com/watch?v=5EGH4_xtiLk,116,5,2
133,https://www.youtube.com/watch?v=bJNIElCYloY,491,9,5
134,https://www.youtube.com/watch?v=3ZyZ8RKChs0,124,2,2
135,https://www.youtube.com/watch?v=PtrIG-4ulTE,46,5,1
136,https://www.youtube.com/watch?v=tiwXMGIJg-U,69,2,1
137,https://www.youtube.com/watch?v=-c_Ic5mlbgc,448,2,5
138,https://www.youtube.com/watch?v=5ivhN4WOE_o,208,6,3
139,https://www.youtube.com/watch?v=zOLtSNIG6xg,338,12,4
140,https://www.youtube.com/watch?v=Eip1p8H0YII,110,6,2
141,https://www.youtube.com/watch?v=dqkGyGgx-vM,159,12,2
142,https://www.youtube.com/watch?v=zgmnU8BxE2c,11,4,1
143,https://www.youtube.com/watch?v=iNJ3DtsQYbk,343,5,4
144,https://www.youtube.com/watch?v=2sK2-YV53As,441,5,5
145,https://www.youtube.com/watch?v=5W0A0TCWZfI,474,6,5
146,https://www.youtube.com/watch?v=Gp6XKEE8B2E,229,2,3
147,https://www.youtube.com/watch?v=m60hjpNtq5k,136,2,2
148,https://www.youtube.com/watch?v=j37tBsPy6WI,127,6,2
149,https://www.youtube.com/watch?v=EULfhLOVIr8,112,6,2
150,https://www.youtube.com/watch?v=nx5xDM7q-so,483,9,5
151,https://www.youtube.com/watch?v=jCh8lZIm8zM,150,2,2
152,https://www.youtube.com/watch?v=LTio9QWqNwQ,318,6,4
153,https://www.youtube.com/watch?v=GE-jG0FLyFI,203,6,3
154,https://www.youtube.com/watch?v=7jYDYon4sGQ,444,2,5
155,https://www.youtube.com/watch?v=F2uX6ByoW7A,50,2,1
156,https://www.youtube.com/watch?v=RuCB-3YavxA,75,10,1
157,https://www.youtube.com/watch?v=qXpPRPIg7nA,426,6,5
158,https://www.youtube.com/watch?v=YG6oBjs-VFQ,228,2,3
159,https://www.youtube.com/watch?v=lvDa3r1pNuE,35,7,1
160,https://www.youtube.com/watch?v=8CYr5vNStw0,500,2,5
161,https://www.youtube.com/watch?v=EJNyR5kOpoI,259,12,3
162,https://www.youtube.com/watch?v=OPkqtboFFYI,153,2,2
163,https://www.youtube.com/watch?v=zPeMFCDPgKE,498,2,5
164,https://www.youtube.com/watch?v=IBT0_3QUy98,2,13,1
165,https://www.youtube.com/watch?v=anurOHpo0aY,13,2,1
166,https://www.youtube.com/watch?v=j3YRopoOILM,133,2,2
167,https://www.youtube.com/watch?v=7VF9Eo5GvRw,282,12,3
168,https://www.youtube.com/watch?v=3mEeKAdXAo4,48,5,1
169,https://www.youtube.com/watch?v=V1p7zRkkFfw,264,6,3
170,https://www.youtube.com/watch?v=1w17kpYT1wI,16,5,1
171,https://www.youtube.com/watch?v=Rb8gjCg3Oac,496,2,5
172,https://www.youtube.com/watch?v=JX3MbD11NPo,72,10,1
173,https://www.youtube.com/watch?v=TY1RRAQYsVk,170,2,2
174,https://www.youtube.com/watch?v=RY4t_K82pSE,302,6,4
175,https://www.youtube.com/watch?v=dN8vGzhJrWA,449,2,5
176,https://www.youtube.com/watch?v=HwF1i_6Iwp8,27,2,1
177,https://www.youtube.com/watch?v=Vo2CsE4X4SY,240,12,3
178,https://www.youtube.com/watch?v=KO6oYfLgEY4,284,12,3
179,https://www.youtube.com/watch?v=YJfHuATJYsQ,28,2,1
180,https://www.youtube.com/watch?v=br2urv1RDOk,492,9,5
181,https://www.youtube.com/watch?v=RhvQkDj4ic0,289,2,3
182,https://www.youtube.com/watch?v=mWpnmE5Kltw,297,12,3
183,https://www.youtube.com/watch?v=PdjbRvvJAzg,10,4,1
184,https://www.youtube.com/watch?v=BhWl3AXkhR0,266,6,3
185,https://www.youtube.com/watch?v=5iSlfF8TQ9k,58,10,1
186,https://www.youtube.com/watch?v=88GAq2AWBdg,34,5,1
187,https://www.youtube.com/watch?v=j8EdViF5IyI,248,6,3
188,https://www.youtube.com/watch?v=_KCwVe1rSnU,388,6,4
189,https://www.youtube.com/watch?v=wva27YX3D_Q,236,6,3
190,https://www.youtube.com/watch?v=ymDTR22Zerw,100,1,1
191,https://www.youtube.com/watch?v=Md6YieslYjI,121,2,2
192,https://www.youtube.com/watch?v=IFeoAmiYp00,41,13,1
193,https://www.youtube.com/watch?v=3CbyQFzgMmQ,152,2,2
194,https://www.youtube.com/watch?v=0_8XMbwWsOQ,224,5,3
195,https://www.youtube.com/watch?v=_7nsxvTAjdw,374,5,4
196,https://www.youtube.com/watch?v=vXXmNhmsHLY,141,6,2
197,https://www.youtube.com/watch?v=be2wvNFTLMc,6,5,1
198,https://www.youtube.com/watch?v=mP_gK0uxfu4,439,5,5
199,https://www.youtube.com/watch?v=lN-GUBIMDNA,78,5,1
200,https://www.youtube.com/watch?v=Dp7qwj89e3s,300,12,3
201,https://www.youtube.com/watch?v=3SM4OZeurZk,66,10,1
202,https://www.youtube.com/watch?v=Ro29toKIJZc,276,2,3
203,https://www.youtube.com/watch?v=zYI9af13OGU,350,6,4
204,https://www.youtube.com/watch?v=UcZqu2fgesc,4,13,1
205,https://www.youtube.com/watch?v=J1-PDvmGOPM,269,6,3
206,https://www.youtube.com/watch?v=FehxQJuwxss,186,6,2
207,https://www.youtube.com/watch?v=4iRupuNet3Q,398,6,4
208,https://www.youtube.com/watch?v=1AWX7buDZ-U,403,2,5
209,https://www.youtube.com/watch?v=OLhuWDFUb4Y,53,2,1
210,https://www.youtube.com/watch?v=ycp7SJDyXwI,226,5,3
211,https://www.youtube.com/watch?v=nIjVuRTm-dc,30,4,1
212,https://www.youtube.com/watch?v=qsV8HE-hovQ,62,5,1
213,https://www.youtube.com/watch?v=cA5JPnksW-s,419,6,5
214,https://www.youtube.com/watch?v=76A-gAU7Y-c,120,6,2
215,https://www.youtube.com/watch?v=0890XSydrOM,85,6,1
216,https://www.youtube.com/watch?v=ljlT9Cd-sok,299,12,3
217,https://www.youtube.com/watch?v=qkCAKjnwR2Q,65,7,1
218,https://www.youtube.com/watch?v=_l-Mtr-lCAU,201,6,3
219,https://www.youtube.com/watch?v=XcLmlU9KRoo,410,6,5
220,https://www.youtube.com/watch?v=tOUDx2ZfTGE,123,2,2
221,https://www.youtube.com/watch?v=DN6nBbH8CnM,151,2,2
222,https://www.youtube.com/watch?v=xnFsFRzEHvU,91,6,1
223,https://www.youtube.com/watch?v=HK7SPnGSxLM,84,1,1
224,https://www.youtube.com/watch?v=c9PEYJdwdwI,231,2,3
225,https://www.youtube.com/watch?v=6NydAkAavMM,156,12,2
226,https://www.youtube.com/watch?v=1s84rIhPuhk,26,2,1
227,https://www.youtube.com/watch?v=8Q2mth2bX10,8,5,1
228,https://www.youtube.com/watch?v=E0Dpo0y4XYQ,139,6,2
229,https://www.youtube.com/watch?v=il6tZLZ0tN4,380,5,4
230,https://www.youtube.com/watch?v=58j5xayjv3w,351,6,4
231,https://www.youtube.com/watch?v=uYfr3s84-mM,94,2,1
232,https://www.youtube.com/watch?v=n0FOgqJv6Vs,31,4,1
233,https://www.youtube.com/watch?v=TEqEndz9wvM,340,12,4
234,https://www.youtube.com/watch?v=DTuHVKdL5UM,494,9,5
235,https://www.youtube.com/watch?v=63h_yIyTtok,423,6,5
236,https://www.youtube.com/watch?v=L_9gHVC2XJs,73,5,1
237,https://www.youtube.com/watch?v=RanOYrQv2TQ,193,5,2
238,https://www.youtube.com/watch?v=UuTBI3MY_ic,21,5,1
239,https://www.youtube.com/watch?v=5wP4EZgNy6s,487,9,5
240,https://www.youtube.com/watch?v=52w8k19AiZk,263,6,3
241,https://www.youtube.com/watch?v=OLSCyhQlJUE,408,2,5
242,https://www.youtube.com/watch?v=Bw0DS4TJzsc,246,6,3
243,https://www.youtube.com/watch?v=BlblBvpVgjE,198,2,2
244,https://www.youtube.com/watch?v=B6Kyvh6fKgs,88,6,1
245,https://www.youtube.com/watch?v=NVKSmQ2kX3I,273,6,3
246,https://www.youtube.com/watch?v=cnbJDH7HMLI,484,9,5
247,https://www.youtube.com/watch?v=Bj6hDRIdlC4,332,2,4
248,https://www.youtube.com/watch?v=tyibra0FQBA,230,2,3
249,https://www.youtube.com/watch?v=Oa49Nym7wJk,129,6,2
250,https://www.youtube.com/watch?v=9_068Ekk_fs,118,6,2
251,https://www.youtube.com/watch?v=LXHs3VBE5cc,358,2,4
252,https://www.youtube.com/watch?v=mOU52qkxeVI,447,2,5
253,https://www.youtube.com/watch?v=5bU2y6WRZJI,365,6,4
254,https://www.youtube.com/watch?v=LtGw8HuANOk,134,12,2
255,https://www.youtube.com/watch?v=6Gi0wLUjtWE,440,5,5
256,https://www.youtube.com/watch?v=UbeHsMLDirw,367,6,4
257,https://www.youtube.com/watch?v=avykRhK7XYE,18,13,1
258,https://www.youtube.com/watch?v=dZ8n8AW8MNY,187,6,2
259,https://www.youtube.com/watch?v=FMl7GEaYwAE,43,7,1
260,https://www.youtube.com/watch?v=oWQ3rp_wOyg,37,5,1
261,https://www.youtube.com/watch?v=Ew4VvF0DPMc,17,5,1
262,https://www.youtube.com/watch?v=V2uUnwKbvJc,466,6,5
263,https://www.youtube.com/watch?v=-J9iEg2jHqA,480,9,5
264,https://www.youtube.com/watch?v=7eKz8ChzLd0,389,6,4
265,https://www.youtube.com/watch?v=FNdPHUx8v1s,204,6,3
266,https://www.youtube.com/watch?v=vhsNmKPAsDg,268,6,3
267,https://www.youtube.com/watch?v=bpJko9n8KTY,9,5,1
268,https://www.youtube.com/watch?v=ZUODhtx57UQ,142,6,2
269,https://www.youtube.com/watch?v=fwLTPoSL1wc,438,5,5
270,https://www.youtube.com/watch?v=JJhmN_c9At8,288,2,3
271,https://www.youtube.com/watch?v=A8N_sQ_kK48,7,5,1
272,https://www.youtube.com/watch?v=VYRxP8h0sCo,241,6,3
273,https://www.youtube.com/watch?v=VhCRokYVF1I,378,5,4
274,https://www.youtube.com/watch?v=38lcQsEMGrk,1,13,1
275,https://www.youtube.com/watch?v=wCUO9Fk0QcQ,190,5,2
276,https://www.youtube.com/watch?v=m9Y5z5sYm3s,330,2,4
277,https://www.youtube.com/watch?v=lyrGKDLDGlc,178,6,2
278,https://www.youtube.com/watch?v=ks3OoQ5RV5M,56,11,1
279,https://www.youtube.com/watch?v=BucKFkQ1B9w,415,6,5
280,https://www.youtube.com/watch?v=By08ipcbVG4,298,12,3
281,https://www.youtube.com/watch?v=hSTMT9dmQM8,74,10,1
282,https://www.youtube.com/watch?v=jM_mGMmXtNw,311,6,4
283,https://www.youtube.com/watch?v=HQG8izb3qMY,47,5,1
284,https://www.youtube.com/watch?v=W1aT20Hp-M0,148,5,2
285,https://www.youtube.com/watch?v=On-ndL258DU,132,2,2
286,https://www.youtube.com/watch?v=FiJHoPrS4Y4,363,2,4
287,https://www.youtube.com/watch?v=GPnymcrXgX0,95,2,1
288,https://www.youtube.com/watch?v=DM6qOO2enrs,92,2,1
289,https://www.youtube.com/watch?v=XncU2U_fG5Q,210,6,3
290,https://www.youtube.com/watch?v=8HloiEUNlSg,460,6,5
291,https://www.youtube.com/watch?v=QwDp1A4iPiU,400,2,4
292,https://www.youtube.com/watch?v=zJfb2DRI8go,313,6,4
293,https://www.youtube.com/watch?v=C5mI0TqrJ-4,437,5,5
294,https://www.youtube.com/watch?v=Z2KM5thqc68,63,6,1
295,https://www.youtube.com/watch?v=wAOkxHmsZho,499,2,5
296,https://www.youtube.com/watch?v=JbslZ29xxcg,310,6,4
297,https://www.youtube.com/watch?v=7q2DrrQ33OQ,181,6,2
298,https://www.youtube.com/watch?v=pB-5XG-DbAA,3,4,1
299,https://www.youtube.com/watch?v=9dK9Krc4QNo,64,6,1
300,https://www.youtube.com/watch?v=EH7gt4aJJjo,96,2,1
301,https://www.youtube.com/watch?v=j6Pj8OqwdLE,137,12,2
302,https://www.youtube.com/watch?v=wnmWi2oUg5U,399,2,4
303,https://www.youtube.com/watch?v=OGCp54LZkOY,86,6,1
304,https://www.youtube.com/watch?v=Zy1EDI0vsCQ,207,6,3
305,https://www.youtube.com/watch?v=R96pbH-uvyg,286,2,3
306,https://www.youtube.com/watch?v=t8pzqcoCHR4,472,6,5
307,https://www.youtube.com/watch?v=kZecE9AeELI,327,2,4
308,https://www.youtube.com/watch?v=f1KKsjkX_m0,271,6,3
309,https://www.youtube.com/watch?v=4RPg17BfO7E,326,2,4
310,https://www.youtube.com/watch?v=JJ-BvbgPKbs,370,6,4
311,https://www.youtube.com/watch?v=K20ELYLrOls,453,2,5
312,https://www.youtube.com/watch?v=voifAw1IHH0,23,5,1
313,https://www.youtube.com/watch?v=o4JrzNdpKw4,296,2,3
314,https://www.youtube.com/watch?v=mKp_yaKmvgA,341,5,4
315,https://www.youtube.com/watch?v=1EMYVt0odI0,451,2,5
316,https://www.youtube.com/watch?v=GkY9dFAECt8,71,2,1
317,https://www.youtube.com/watch?v=fCrKXOE3wCA,493,9,5
318,https://www.youtube.com/watch?v=vzTxRUCtdXE,126,6,2
319,https://www.youtube.com/watch?v=GD4gQxijZxU,209,6,3
320,https://www.youtube.com/watch?v=x3AG-6_LjZA,191,5,2
321,https://www.youtube.com/watch?v=Z0nfopGYTMQ,157,12,2
322,https://www.youtube.com/watch?v=oEj25I81cBQ,321,2,4
323,https://www.youtube.com/watch?v=FvpA-EEuyn4,393,6,4
324,https://www.youtube.com/watch?v=Bd57_isq2uM,450,2,5
325,https://www.youtube.com/watch?v=D7_B85GgghY,424,6,5
326,https://www.youtube.com/watch?v=-GLRDSo8YJE,459,9,5
327,https://www.youtube.com/watch?v=N-xQLlNftXQ,320,6,4
328,https://www.youtube.com/watch?v=YaJWn-Spxfc,70,2,1
329,https://www.youtube.com/watch?v=8d5i-GKqbXM,188,6,2
330,https://www.youtube.com/watch?v=QFdHBvQfVTc,294,2,3
331,https://www.youtube.com/watch?v=jueoyvNpGsc,76,13,1
332,https://www.youtube.com/watch?v=_7SmZfs1pFg,283,12,3
333,https://www.youtube.com/watch?v=NcLL3PuSdrU,144,6,2
334,https://www.youtube.com/watch?v=1HwlO6viJ2E,225,5,3
335,https://www.youtube.com/watch?v=RKDF6fqT-OI,473,6,5
336,https://www.youtube.com/watch?v=7vlVjfMl_Nk,40,6,1
337,https://www.youtube.com/watch?v=MckCdCu_HBY,369,6,4
338,https://www.youtube.com/watch?v=TlxC6LeVyvI,138,12,2
339,https://www.youtube.com/watch?v=3GjuWJaVV5E,250,6,3
340,https://www.youtube.com/watch?v=hmyEkTioX5E,197,2,2
341,https://www.youtube.com/watch?v=aa2AhDaK_iY,22,5,1
342,https://www.youtube.com/watch?v=RuWPyHItgOU,428,6,5
343,https://www.youtube.com/watch?v=eR5NJUszzTw,406,2,5
344,https://www.youtube.com/watch?v=k5zxCI0uVF0,237,12,3
345,https://www.youtube.com/watch?v=ybfWYpYhTQQ,36,5,1
346,https://www.youtube.com/watch?v=-w24iJG28qI,61,7,1
347,https://www.youtube.com/watch?v=31t1_-0WKD8,55,11,1
348,https://www.youtube.com/watch?v=1dyRJJzlwQ8,12,2,1
349,https://www.youtube.com/watch?v=3QXb9MKg6_s,270,6,3
350,https://www.youtube.com/watch?v=fnNBIF5-bI8,279,6,3
351,https://www.youtube.com/watch?v=69w_eo9ZD94,348,6,4
352,https://www.youtube.com/watch?v=gYIrKh388jo,446,2,5
353,https://www.youtube.com/watch?v=R9b20L8k-TE,489,9,5
354,https://www.youtube.com/watch?v=KvM6jruZ0BI,154,12,2
355,https://www.youtube.com/watch?v=N0lMO59C79A,219,5,3
356,https://www.youtube.com/watch?v=OfqJ5fPM9Iw,59,5,1
357,https://www.youtube.com/watch?v=lpsAT-Ntaaw,51,2,1
358,https://www.youtube.com/watch?v=1dI-3spzyAI,476,6,5
359,https://www.youtube.com/watch?v=LU1p4VuErt0,257,12,3
360,https://www.youtube.com/watch?v=FbUplF8byyY,469,6,5
361,https://www.youtube.com/watch?v=SgfpBK0HCxs,113,6,2
362,https://www.youtube.com/watch?v=6yEzuroRX1g,98,10,1
363,https://www.youtube.com/watch?v=Ztcoe__6WmI,335,12,4
364,https://www.youtube.com/watch?v=uIA--6n5lts,429,5,5
365,https://www.youtube.com/watch?v=eKEQ06_7zD8,375,5,4
366,https://www.youtube.com/watch?v=yV9VVFvVZ5g,93,2,1
367,https://www.youtube.com/watch?v=C-pQi2FGqHQ,397,6,4
368,https://www.youtube.com/watch?v=PjtBSucwuZo,418,6,5
369,https://www.youtube.com/watch?v=7dp-Zi7cZVc,381,5,4
370,https://www.youtube.com/watch?v=R0cERyuYtxo,454,6,5
371,https://www.youtube.com/watch?v=zisvsNryKjs,146,6,2
372,https://www.youtube.com/watch?v=Srbl1h__FVo,60,5,1
373,https://www.youtube.com/watch?v=OoIn3finPCo,216,5,3
374,https://www.youtube.com/watch?v=N2s8m-3S8Oo,200,6,2
375,https://www.youtube.com/watch?v=hjj2QCDimrE,337,12,4
376,https://www.youtube.com/watch?v=tRqI7-BDVfg,420,6,5
377,https://www.youtube.com/watch?v=u3cKrp96i_M,106,2,2
378,https://www.youtube.com/watch?v=wdaT2wRf-oU,368,6,4
379,https://www.youtube.com/watch?v=PZrXiWGWeIs,431,5,5
380,https://www.youtube.com/watch?v=kwOAhCY_H3c,175,5,2
381,https://www.youtube.com/watch?v=qm3wIQWnXxg,323,2,4
382,https://www.youtube.com/watch?v=1nTIdmNYVPQ,471,6,5
383,https://www.youtube.com/watch?v=04VXfavbeDs,163,6,2
384,https://www.youtube.com/watch?v=KGrulNiJ6Uc,24,5,1
385,https://www.youtube.com/watch?v=9-NCMRku79I,107,2,2
386,https://www.youtube.com/watch?v=tvUMCOWrTgA,122,2,2
387,https://www.youtube.com/watch?v=kAroY7QoGLg,275,2,3
388,https://www.youtube.com/watch?v=5YTyX5Iunho,490,9,5
389,https://www.youtube.com/watch?v=4_mTpRvTuSU,82,5,1
390,https://www.youtube.com/watch?v=oNeNWSl5Hg4,401,2,5
391,https://www.youtube.com/watch?v=ZkHOTmKN1PA,54,13,1
392,https://www.youtube.com/watch?v=9iEaT_pL6qM,206,6,3
393,https://www.youtube.com/watch?v=tZAlXG-tYTQ,15,5,1
394,https://www.youtube.com/watch?v=S0wuSbUl2gM,130,2,2
395,https://www.youtube.com/watch?v=CJw07mtesxs,422,6,5
396,https://www.youtube.com/watch?v=rllzZICrt_c,277,2,3
397,https://www.youtube.com/watch?v=zXHqzoroAj4,135,2,2
398,https://www.youtube.com/watch?v=7mrg_yJL9v4,495,9,5
399,https://www.youtube.com/watch?v=l5J11oXj3FY,189,6,2
400,https://www.youtube.com/watch?v=o3XxSsOuWAs,164,6,2
401,https://www.youtube.com/watch?v=iYPMab_W_oY,312,6,4
402,https://www.youtube.com/watch?v=-1tyb01k9nI,371,6,4
403,https://www.youtube.com/watch?v=mVnNTQ0X_0w,468,6,5
404,https://www.youtube.com/watch?v=1TCgqhpGSEg,105,6,2
405,https://www.youtube.com/watch?v=tDQAv9uDI4k,243,6,3
406,https://www.youtube.com/watch?v=JNDOq385voo,396,6,4
407,https://www.youtube.com/watch?v=uV20kvRmMgA,303,6,4
408,https://www.youtube.com/watch?v=j2311FZWoFQ,360,2,4
409,https://www.youtube.com/watch?v=DBcW-Ex--A4,213,6,3
410,https://www.youtube.com/watch?v=ztKqa7jkN4s,357,2,4
411,https://www.youtube.com/watch?v=qZiNigAO-zQ,356,2,4
412,https://www.youtube.com/watch?v=NRg04n0Gjz0,147,6,2
413,https://www.youtube.com/watch?v=iDfZua4IS4A,169,2,2
414,https://www.youtube.com/watch?v=WPFb9PRhjE8,145,6,2
415,https://www.youtube.com/watch?v=4F4pKXt0byU,214,6,3
416,https://www.youtube.com/watch?v=g6UAHr-Fmec,252,6,3
417,https://www.youtube.com/watch?v=Dn8cnxdDcaU,391,6,4
418,https://www.youtube.com/watch?v=9YZdSwFFnfU,384,6,4
419,https://www.youtube.com/watch?v=m15Cz3ruVkw,161,6,2
420,https://www.youtube.com/watch?v=ZD57Fv_V74s,407,2,5
421,https://www.youtube.com/watch?v=fJWN7wtvaJ0,361,2,4
422,https://www.youtube.com/watch?v=nFNUF5euNDQ,143,6,2
423,https://www.youtube.com/watch?v=kgDL9p0w2-k,199,2,2
424,https://www.youtube.com/watch?v=W2N03zsdFOw,373,6,4
425,https://www.youtube.com/watch?v=gHbF1AU9UTs,411,6,5
426,https://www.youtube.com/watch?v=xK9QI4XLBsQ,349,6,4
427,https://www.youtube.com/watch?v=QJrnXlqkLOg,192,5,2
428,https://www.youtube.com/watch?v=Z_AKZR9hWeo,405,2,5
429,https://www.youtube.com/watch?v=-Km_NObPF5E,104,6,2
430,https://www.youtube.com/watch?v=Xdmmv-YdIyw,109,6,2
431,https://www.youtube.com/watch?v=nZofS7Xh5a0,470,6,5
432,https://www.youtube.com/watch?v=Q2fgkLbnvZ0,395,6,4
433,https://www.youtube.com/watch?v=yVPTmtuPEVA,372,6,4
434,https://www.youtube.com/watch?v=EPZRXGfZ1Dc,242,6,3
435,https://www.youtube.com/watch?v=Kws-TMP7XyU,306,6,4
436,https://www.youtube.com/watch?v=4YCAxOIQl6w,232,2,3
437,https://www.youtube.com/watch?v=8AFy6f1DuY4,417,6,5
438,https://www.youtube.com/watch?v=ySbeKRecBb4,249,6,3
439,https://www.youtube.com/watch?v=0mJVGdaGz6c,344,4,4
440,https://www.youtube.com/watch?v=V-adIWergPM,394,6,4
441,https://www.youtube.com/watch?v=6wsYeVBxwsM,211,6,3
442,https://www.youtube.com/watch?v=Xt9xcZc1Ok4,195,5,2
443,https://www.youtube.com/watch?v=Qcdv7QcC8kI,319,6,4
444,https://www.youtube.com/watch?v=enVkibQq1bU,247,6,3
445,https://www.youtube.com/watch?v=Sxmj-oNBVk0,221,5,3
446,https://www.youtube.com/watch?v=2slvL-qKjj0,244,6,3
447,https://www.youtube.com/watch?v=pC6tPEaAiYU,359,2,4
448,https://www.youtube.com/watch?v=tp0tMGjylNQ,295,2,3
449,https://www.youtube.com/watch?v=e82UOSwcDlk,385,6,4
450,https://www.youtube.com/watch?v=gbgXVbN_9Xc,355,6,4
451,https://www.youtube.com/watch?v=JcWqnXQ9zVI,245,6,3
452,https://www.youtube.com/watch?v=NuiAOSii_sk,102,2,2
453,https://www.youtube.com/watch?v=pDaT29ftWxo,233,6,3
454,https://www.youtube.com/watch?v=fHTBrWZkAoE,194,5,2
455,https://www.youtube.com/watch?v=snCdnHmmp80,366,6,4
456,https://www.youtube.com/watch?v=rkf4OHrMQHU,390,6,4
457,https://www.youtube.com/watch?v=JoJOu3EFkPY,205,6,3
458,https://www.youtube.com/watch?v=x9aK85GfR8s,166,6,2
459,https://www.youtube.com/watch?v=kS-YNT8SOiI,425,6,5
460,https://www.youtube.com/watch?v=iVhzAJuDbac,404,2,5
461,https://www.youtube.com/watch?v=5DVt4k3lyts,251,6,3
462,https://www.youtube.com/watch?v=VEYVQmgWsIg,183,6,2
463,https://www.youtube.com/watch?v=Re6tBJfi7qY,278,2,3
464,https://www.youtube.com/watch?v=EoDNKZQfPRM,309,6,4
465,https://www.youtube.com/watch?v=Xwu-NymJDVY,409,6,5
466,https://www.youtube.com/watch?v=YGSaBiL6vVY,456,6,5
467,https://www.youtube.com/watch?v=35yqhKoyjM8,234,6,3
468,https://www.youtube.com/watch?v=-kd81Qef3j0,463,6,5
469,https://www.youtube.com/watch?v=at6EJZbYv8k,167,6,2
470,https://www.youtube.com/watch?v=FonjL7DQAUQ,292,2,3
471,https://www.youtube.com/watch?v=AbiMe64zeGM,308,6,4
472,https://www.youtube.com/watch?v=hQMRGsteyRc,497,2,5
473,https://www.youtube.com/watch?v=-OiBFMi4CTk,331,2,4
474,https://www.youtube.com/watch?v=9BByAxgUCJw,293,2,3
475,https://www.youtube.com/watch?v=z1bAZVDSi0w,353,6,4
476,https://www.youtube.com/watch?v=bdOGh2q4184,442,2,5
477,https://www.youtube.com/watch?v=aZR2aSKW--Q,392,6,4
478,https://www.youtube.com/watch?v=yHlRRyJWpjQ,280,6,3
479,https://www.youtube.com/watch?v=QMi9DQPTIa8,307,6,4
480,https://www.youtube.com/watch?v=RRYAYM0rYns,239,12,3
481,https://www.youtube.com/watch?v=FfzpWqMNrio,421,6,5
482,https://www.youtube.com/watch?v=SivnHIJC1uY,412,6,5
483,https://www.youtube.com/watch?v=a7WeuPbgp-0,347,6,4
484,https://www.youtube.com/watch?v=dhGuwUAdrS4,386,6,4
485,https://www.youtube.com/watch?v=jpjlGYMNuBU,413,6,5
486,https://www.youtube.com/watch?v=M00rcJ9gMEc,168,2,2
487,https://www.youtube.com/watch?v=zG9_s5FxEro,452,2,5
488,https://www.youtube.com/watch?v=4Vnb3uizhiY,317,6,4
489,https://www.youtube.com/watch?v=M-JniYT3_pE,432,5,5
490,https://www.youtube.com/watch?v=H_TrXtBS7cE,464,6,5
491,https://www.youtube.com/watch?v=qMJIE-BwPGo,387,6,4
492,https://www.youtube.com/watch?v=DN7g607jsUE,227,2,3
493,https://www.youtube.com/watch?v=Du96eQPbfKA,177,6,2
494,https://www.youtube.com/watch?v=854LdQBAFDI,202,6,3
495,https://www.youtube.com/watch?v=gnzzmcrjEno,235,6,3
496,https://www.youtube.com/watch?v=ZvKHbi7V0Ko,305,6,4
497,https://www.youtube.com/watch?v=EJ__kzHZu6A,458,6,5
498,https://www.youtube.com/watch?v=Iw3WgP8A18I,256,1,3
499,https://www.youtube.com/watch?v=h1tNw1aFzSM,108,2,2
500,https://www.youtube.com/watch?v=Ngyz1gmZzb0,329,2,4
